[{"model": "admin.logentry", "pk": 1, "fields": {"action_time": "2025-04-25T15:04:32.713Z", "user": 1, "content_type": 7, "object_id": "1", "object_repr": "1 - Montaje", "action_flag": 1, "change_message": "[{\"added\": {}}]"}}, {"model": "admin.logentry", "pk": 2, "fields": {"action_time": "2025-04-25T15:04:46.477Z", "user": 1, "content_type": 8, "object_id": "1", "object_repr": "1 - Costos", "action_flag": 1, "change_message": "[{\"added\": {}}]"}}, {"model": "admin.logentry", "pk": 3, "fields": {"action_time": "2025-04-25T15:04:58.328Z", "user": 1, "content_type": 9, "object_id": "1", "object_repr": "Activo", "action_flag": 1, "change_message": "[{\"added\": {}}]"}}, {"model": "admin.logentry", "pk": 4, "fields": {"action_time": "2025-04-25T15:05:15.160Z", "user": 1, "content_type": 11, "object_id": "1", "object_repr": "1 - Impresora 1 (Impresora)", "action_flag": 1, "change_message": "[{\"added\": {}}]"}}, {"model": "admin.logentry", "pk": 5, "fields": {"action_time": "2025-04-25T15:05:24.444Z", "user": 1, "content_type": 12, "object_id": "1", "object_repr": "Impresion", "action_flag": 1, "change_message": "[{\"added\": {}}]"}}, {"model": "admin.logentry", "pk": 6, "fields": {"action_time": "2025-04-25T15:05:52.740Z", "user": 1, "content_type": 15, "object_id": "1", "object_repr": "1", "action_flag": 1, "change_message": "[{\"added\": {}}]"}}, {"model": "admin.logentry", "pk": 7, "fields": {"action_time": "2025-04-25T15:06:28.444Z", "user": 1, "content_type": 28, "object_id": "1", "object_repr": "A", "action_flag": 1, "change_message": "[{\"added\": {}}]"}}, {"model": "admin.logentry", "pk": 8, "fields": {"action_time": "2025-04-25T15:06:36.765Z", "user": 1, "content_type": 29, "object_id": "1", "object_repr": "A > AA", "action_flag": 1, "change_message": "[{\"added\": {}}]"}}, {"model": "admin.logentry", "pk": 9, "fields": {"action_time": "2025-04-25T15:06:48.344Z", "user": 1, "content_type": 25, "object_id": "1", "object_repr": "Metro (1)", "action_flag": 1, "change_message": "[{\"added\": {}}]"}}, {"model": "admin.logentry", "pk": 10, "fields": {"action_time": "2025-04-25T15:07:13.579Z", "user": 1, "content_type": 27, "object_id": "1", "object_repr": "BB", "action_flag": 1, "change_message": "[{\"added\": {}}]"}}, {"model": "admin.logentry", "pk": 11, "fields": {"action_time": "2025-04-25T15:07:16.723Z", "user": 1, "content_type": 26, "object_id": "1", "object_repr": "BB", "action_flag": 1, "change_message": "[{\"added\": {}}]"}}, {"model": "admin.logentry", "pk": 12, "fields": {"action_time": "2025-04-25T15:07:31.859Z", "user": 1, "content_type": 30, "object_id": "1", "object_repr": "1 - Lamina ABC", "action_flag": 1, "change_message": "[{\"added\": {}}]"}}, {"model": "admin.logentry", "pk": 13, "fields": {"action_time": "2025-04-25T15:07:49.758Z", "user": 1, "content_type": 34, "object_id": "1", "object_repr": "Indunnova SAS (NIT: 900948892)", "action_flag": 1, "change_message": "[{\"added\": {}}]"}}, {"model": "admin.logentry", "pk": 14, "fields": {"action_time": "2025-04-25T15:12:01.089Z", "user": 1, "content_type": 31, "object_id": "1", "object_repr": "Tubulares", "action_flag": 1, "change_message": "[{\"added\": {}}]"}}, {"model": "admin.logentry", "pk": 15, "fields": {"action_time": "2025-04-25T15:12:19.119Z", "user": 1, "content_type": 33, "object_id": "1", "object_repr": "1 - Tubular 50 micras", "action_flag": 1, "change_message": "[{\"added\": {}}]"}}, {"model": "admin.logentry", "pk": 16, "fields": {"action_time": "2025-04-25T15:12:30.768Z", "user": 1, "content_type": 32, "object_id": "1", "object_repr": "OP 1 - Indunnova SAS - 1", "action_flag": 1, "change_message": "[{\"added\": {}}]"}}, {"model": "admin.logentry", "pk": 17, "fields": {"action_time": "2025-04-25T15:15:05.724Z", "user": 1, "content_type": 53, "object_id": "1", "object_repr": "Miguel Rodriguez", "action_flag": 1, "change_message": "[{\"added\": {}}]"}}, {"model": "admin.logentry", "pk": 18, "fields": {"action_time": "2025-04-25T15:16:30.520Z", "user": 1, "content_type": 20, "object_id": "1", "object_repr": "Antigrasa", "action_flag": 1, "change_message": "[{\"added\": {}}]"}}, {"model": "admin.logentry", "pk": 19, "fields": {"action_time": "2025-04-25T15:16:44.784Z", "user": 1, "content_type": 25, "object_id": "2", "object_repr": "Kilogramo (2)", "action_flag": 1, "change_message": "[{\"added\": {}}]"}}, {"model": "admin.logentry", "pk": 20, "fields": {"action_time": "2025-04-25T15:16:46.607Z", "user": 1, "content_type": 52, "object_id": "1", "object_repr": "1 - Cyan (Antigrasa)", "action_flag": 1, "change_message": "[{\"added\": {}}]"}}, {"model": "admin.logentry", "pk": 21, "fields": {"action_time": "2025-04-25T15:17:01.322Z", "user": 1, "content_type": 45, "object_id": "1", "object_repr": "Impresión OP 1 - Máq 1 - 2025-04-25", "action_flag": 1, "change_message": "[{\"added\": {}}]"}}, {"model": "admin.logentry", "pk": 22, "fields": {"action_time": "2025-04-25T15:17:29.904Z", "user": 1, "content_type": 33, "object_id": "1", "object_repr": "1 - Tubular 50 micras", "action_flag": 2, "change_message": "[{\"changed\": {\"fields\": [\"Stock M\\u00e1ximo\"]}}]"}}, {"model": "admin.logentry", "pk": 23, "fields": {"action_time": "2025-04-25T15:17:55.515Z", "user": 1, "content_type": 32, "object_id": "1", "object_repr": "OP 1 - Indunnova SAS - 1", "action_flag": 2, "change_message": "[]"}}, {"model": "admin.logentry", "pk": 24, "fields": {"action_time": "2025-04-25T15:18:02.343Z", "user": 1, "content_type": 45, "object_id": "1", "object_repr": "Impresión OP 1 - Máq 1 - 2025-04-25", "action_flag": 2, "change_message": "[]"}}, {"model": "admin.logentry", "pk": 25, "fields": {"action_time": "2025-04-25T15:25:03.954Z", "user": 1, "content_type": 45, "object_id": "1", "object_repr": "Impresión OP 1 - Máq 1 - 2025-04-25", "action_flag": 2, "change_message": "[{\"changed\": {\"fields\": [\"Kg Producidos Reportados\"]}}]"}}, {"model": "admin.logentry", "pk": 26, "fields": {"action_time": "2025-04-25T15:25:22.917Z", "user": 1, "content_type": 33, "object_id": "1", "object_repr": "1 - Tubular 50 micras", "action_flag": 2, "change_message": "[]"}}, {"model": "admin.logentry", "pk": 27, "fields": {"action_time": "2025-04-25T15:29:54.162Z", "user": 1, "content_type": 35, "object_id": "1", "object_repr": "1 - AA", "action_flag": 1, "change_message": "[{\"added\": {}}]"}}, {"model": "admin.logentry", "pk": 28, "fields": {"action_time": "2025-04-25T15:30:22.659Z", "user": 1, "content_type": 14, "object_id": "1", "object_repr": "Plasticos AAA", "action_flag": 1, "change_message": "[{\"added\": {}}]"}}, {"model": "admin.logentry", "pk": 29, "fields": {"action_time": "2025-04-25T15:30:24.700Z", "user": 1, "content_type": 37, "object_id": "1", "object_repr": "Lote MP: 1 (1) - Disp: 500 1", "action_flag": 1, "change_message": "[{\"added\": {}}]"}}, {"model": "admin.logentry", "pk": 30, "fields": {"action_time": "2025-04-25T15:30:42.566Z", "user": 1, "content_type": 45, "object_id": "1", "object_repr": "Impresión OP 1 - Máq 1 - 2025-04-25", "action_flag": 3, "change_message": ""}}, {"model": "admin.logentry", "pk": 31, "fields": {"action_time": "2025-04-25T15:31:22.631Z", "user": 1, "content_type": 45, "object_id": "2", "object_repr": "Impresión OP 1 - Máq 1 - 2025-04-25", "action_flag": 1, "change_message": "[{\"added\": {}}]"}}, {"model": "admin.logentry", "pk": 32, "fields": {"action_time": "2025-04-25T15:48:06.635Z", "user": 1, "content_type": 45, "object_id": "2", "object_repr": "Impresión OP 1 - Máq 1 - 2025-04-25", "action_flag": 2, "change_message": "[{\"added\": {\"name\": \"Consumo Sustrato (Impresi\\u00f3n)\", \"object\": \"Consumo 300 Kg Lote 1 en Impresi\\u00f3n 2\"}}]"}}, {"model": "admin.logentry", "pk": 33, "fields": {"action_time": "2025-04-25T16:38:28.707Z", "user": 1, "content_type": 45, "object_id": "2", "object_repr": "Impresión OP 1 - Máq 1 - 2025-04-25", "action_flag": 2, "change_message": "[{\"changed\": {\"fields\": [\"Kg Producidos Reportados\"]}}, {\"changed\": {\"name\": \"Consumo Sustrato (Impresi\\u00f3n)\", \"object\": \"Consumo 100 Kg Lote 1 en Impresi\\u00f3n 2\", \"fields\": [\"Cantidad Consumida (Kg)\"]}}]"}}, {"model": "admin.logentry", "pk": 34, "fields": {"action_time": "2025-04-25T16:40:52.783Z", "user": 1, "content_type": 45, "object_id": "3", "object_repr": "Impresión OP 1 - Máq 1 - 2025-04-25", "action_flag": 1, "change_message": "[{\"added\": {}}, {\"added\": {\"name\": \"Consumo Sustrato (Impresi\\u00f3n)\", \"object\": \"Consumo 100 Kg Lote 1 en Impresi\\u00f3n 3\"}}]"}}, {"model": "admin.logentry", "pk": 35, "fields": {"action_time": "2025-04-25T17:22:18.286Z", "user": 1, "content_type": 37, "object_id": "2", "object_repr": "Lote MP: 2 (1) - Disp: 0 1", "action_flag": 1, "change_message": "[{\"added\": {}}]"}}, {"model": "admin.logentry", "pk": 36, "fields": {"action_time": "2025-04-25T17:22:39.643Z", "user": 1, "content_type": 37, "object_id": "2", "object_repr": "Lote MP: 2 (1) - Disp: 0.0000 1", "action_flag": 3, "change_message": ""}}, {"model": "admin.logentry", "pk": 37, "fields": {"action_time": "2025-04-25T17:22:58.626Z", "user": 1, "content_type": 37, "object_id": "3", "object_repr": "Lote MP: 111 (1) - Disp: 10000 1", "action_flag": 1, "change_message": "[{\"added\": {}}]"}}, {"model": "admin.logentry", "pk": 38, "fields": {"action_time": "2025-04-25T17:23:49.915Z", "user": 1, "content_type": 45, "object_id": "4", "object_repr": "Impresión OP 1 - Máq 1 - 2025-04-25", "action_flag": 1, "change_message": "[{\"added\": {}}, {\"added\": {\"name\": \"Consumo Sustrato (Impresi\\u00f3n)\", \"object\": \"Consumo 500 Kg Lote 3 en Impresi\\u00f3n 4\"}}]"}}, {"model": "admin.logentry", "pk": 39, "fields": {"action_time": "2025-04-25T17:25:38.038Z", "user": 1, "content_type": 45, "object_id": "5", "object_repr": "Impresión OP 1 - Máq 1 - 2025-04-25", "action_flag": 1, "change_message": "[{\"added\": {}}, {\"added\": {\"name\": \"Consumo Sustrato (Impresi\\u00f3n)\", \"object\": \"Consumo 500 Kg Lote 3 en Impresi\\u00f3n 5\"}}]"}}, {"model": "admin.logentry", "pk": 40, "fields": {"action_time": "2025-04-25T18:50:00.691Z", "user": 1, "content_type": 35, "object_id": "2", "object_repr": "2 - BODEGA_WIP", "action_flag": 1, "change_message": "[{\"added\": {}}]"}}, {"model": "admin.logentry", "pk": 41, "fields": {"action_time": "2025-04-25T18:57:27.927Z", "user": 1, "content_type": 35, "object_id": "2", "object_repr": "BODEGA_WIP - BODEGA_WIP", "action_flag": 2, "change_message": "[{\"changed\": {\"fields\": [\"C\\u00f3digo Ubicaci\\u00f3n\"]}}]"}}, {"model": "admin.logentry", "pk": 42, "fields": {"action_time": "2025-04-25T19:03:00.018Z", "user": 1, "content_type": 25, "object_id": "2", "object_repr": "Kilogramo (Kg)", "action_flag": 2, "change_message": "[{\"changed\": {\"fields\": [\"C\\u00f3digo Unidad\"]}}]"}}, {"model": "admin.logentry", "pk": 43, "fields": {"action_time": "2025-04-25T19:03:07.800Z", "user": 1, "content_type": 25, "object_id": "1", "object_repr": "Metro (m)", "action_flag": 2, "change_message": "[{\"changed\": {\"fields\": [\"C\\u00f3digo Unidad\"]}}]"}}, {"model": "admin.logentry", "pk": 44, "fields": {"action_time": "2025-04-25T19:11:22.044Z", "user": 1, "content_type": 12, "object_id": "1", "object_repr": "Impresion", "action_flag": 2, "change_message": "[{\"changed\": {\"fields\": [\"Orden flujo\"]}}]"}}, {"model": "admin.logentry", "pk": 45, "fields": {"action_time": "2025-04-25T19:11:35.145Z", "user": 1, "content_type": 12, "object_id": "2", "object_repr": "Refilado", "action_flag": 1, "change_message": "[{\"added\": {}}]"}}, {"model": "admin.logentry", "pk": 46, "fields": {"action_time": "2025-04-25T19:11:44.725Z", "user": 1, "content_type": 12, "object_id": "3", "object_repr": "Sellado", "action_flag": 1, "change_message": "[{\"added\": {}}]"}}, {"model": "admin.logentry", "pk": 47, "fields": {"action_time": "2025-04-25T19:11:52.958Z", "user": 1, "content_type": 12, "object_id": "4", "object_repr": "Doblado", "action_flag": 1, "change_message": "[{\"added\": {}}]"}}, {"model": "admin.logentry", "pk": 48, "fields": {"action_time": "2025-04-26T22:15:02.297Z", "user": 1, "content_type": 35, "object_id": "3", "object_repr": "BODEGA_MP - BODEGA_MP", "action_flag": 1, "change_message": "[{\"added\": {}}]"}}, {"model": "admin.logentry", "pk": 49, "fields": {"action_time": "2025-04-26T22:15:11.685Z", "user": 1, "content_type": 35, "object_id": "2", "object_repr": "BODEGA_WIP - BODEGA_WIP", "action_flag": 2, "change_message": "[{\"changed\": {\"fields\": [\"Tipo\"]}}]"}}, {"model": "admin.logentry", "pk": 50, "fields": {"action_time": "2025-04-26T22:15:22.863Z", "user": 1, "content_type": 31, "object_id": "2", "object_repr": "FILM", "action_flag": 1, "change_message": "[{\"added\": {}}]"}}, {"model": "admin.logentry", "pk": 51, "fields": {"action_time": "2025-04-26T22:16:16.138Z", "user": 1, "content_type": 14, "object_id": "2", "object_repr": "Proveedor 1", "action_flag": 1, "change_message": "[{\"added\": {}}]"}}, {"model": "admin.logentry", "pk": 52, "fields": {"action_time": "2025-04-26T22:16:48.112Z", "user": 1, "content_type": 27, "object_id": "2", "object_repr": "PET", "action_flag": 1, "change_message": "[{\"added\": {}}]"}}, {"model": "admin.logentry", "pk": 53, "fields": {"action_time": "2025-04-26T22:17:10.062Z", "user": 1, "content_type": 26, "object_id": "2", "object_repr": "PET Transparente 12mic", "action_flag": 1, "change_message": "[{\"added\": {}}]"}}, {"model": "admin.logentry", "pk": 54, "fields": {"action_time": "2025-04-26T22:17:43.762Z", "user": 1, "content_type": 11, "object_id": "2", "object_repr": "IMP01 - Impresora 1 (Impresora)", "action_flag": 1, "change_message": "[{\"added\": {}}]"}}, {"model": "admin.logentry", "pk": 55, "fields": {"action_time": "2025-04-26T22:18:40.211Z", "user": 1, "content_type": 53, "object_id": "2", "object_repr": "Operario Uno Operario Uno", "action_flag": 1, "change_message": "[{\"added\": {}}]"}}, {"model": "admin.logentry", "pk": 56, "fields": {"action_time": "2025-04-26T22:19:51.381Z", "user": 1, "content_type": 15, "object_id": "2", "object_repr": "ANILOX01", "action_flag": 1, "change_message": "[{\"added\": {}}]"}}, {"model": "admin.logentry", "pk": 57, "fields": {"action_time": "2025-04-26T22:20:04.857Z", "user": 1, "content_type": 20, "object_id": "2", "object_repr": "Solvente", "action_flag": 1, "change_message": "[{\"added\": {}}]"}}, {"model": "admin.logentry", "pk": 58, "fields": {"action_time": "2025-04-26T22:21:26.658Z", "user": 1, "content_type": 52, "object_id": "2", "object_repr": "T-CYAN - Tinta Cyan Solvente (Solvente)", "action_flag": 1, "change_message": "[{\"added\": {}}]"}}, {"model": "admin.logentry", "pk": 59, "fields": {"action_time": "2025-04-26T22:22:14.542Z", "user": 1, "content_type": 33, "object_id": "2", "object_repr": "PET12 - PET Transparente 12mic", "action_flag": 1, "change_message": "[{\"added\": {}}]"}}, {"model": "admin.logentry", "pk": 60, "fields": {"action_time": "2025-04-26T22:23:21.106Z", "user": 1, "content_type": 37, "object_id": "4", "object_repr": "Lote MP: ROLLO-PET-ABC (PET12) - Disp: 100 Kg", "action_flag": 1, "change_message": "[{\"added\": {}}]"}}, {"model": "admin.logentry", "pk": 61, "fields": {"action_time": "2025-04-26T22:25:09.257Z", "user": 1, "content_type": 30, "object_id": "2", "object_repr": "BOLSAXYZ - Bolsa XYZ", "action_flag": 1, "change_message": "[{\"added\": {}}]"}}, {"model": "admin.logentry", "pk": 62, "fields": {"action_time": "2025-04-26T22:26:44.023Z", "user": 1, "content_type": 32, "object_id": "3", "object_repr": "OP OP-TEST-101 - Indunnova SAS - BOLSAXYZ", "action_flag": 1, "change_message": "[{\"added\": {}}]"}}, {"model": "admin.logentry", "pk": 63, "fields": {"action_time": "2025-04-26T23:49:50.510Z", "user": 1, "content_type": 45, "object_id": "6", "object_repr": "Impresión OP OP-TEST-101 - Máq IMP01 - 2025-04-26", "action_flag": 1, "change_message": "[{\"added\": {}}, {\"added\": {\"name\": \"Consumo Sustrato (Impresi\\u00f3n)\", \"object\": \"Consumo 50 Kg Lote 4 en Impresi\\u00f3n 6\"}}, {\"added\": {\"name\": \"Lote Producto en Proceso\", \"object\": \"Lote WIP: WIP-TEST-101-01 (BOLSAXYZ) - Disp: 50 Kg\"}}]"}}, {"model": "admin.logentry", "pk": 64, "fields": {"action_time": "2025-04-27T00:05:00.572Z", "user": 1, "content_type": 11, "object_id": "3", "object_repr": "Refiladora 01 - Refiladora 01 (Refiladora)", "action_flag": 1, "change_message": "[{\"added\": {}}]"}}, {"model": "admin.logentry", "pk": 65, "fields": {"action_time": "2025-04-27T00:24:30.024Z", "user": 1, "content_type": 50, "object_id": "1", "object_repr": "Refilado OP OP-TEST-101 - Máq Refiladora 01 - 2025-04-27", "action_flag": 1, "change_message": "[{\"added\": {}}, {\"added\": {\"name\": \"Consumo WIP (Refilado)\", \"object\": \"Consumo WIP 20 Kg Lote 5 en Refilado 1\"}}, {\"added\": {\"name\": \"Lote Producto Terminado\", \"object\": \"Lote PT: 1 (BOLSAXYZ) - Disp: 20 Kg\"}}]"}}, {"model": "admin.logentry", "pk": 66, "fields": {"action_time": "2025-04-27T00:26:48.665Z", "user": 1, "content_type": 32, "object_id": "4", "object_repr": "OP 5 - Indunnova SAS - BOLSAXYZ", "action_flag": 1, "change_message": "[{\"added\": {}}]"}}, {"model": "admin.logentry", "pk": 67, "fields": {"action_time": "2025-04-27T19:51:02.839Z", "user": 1, "content_type": 45, "object_id": "6", "object_repr": "Impresión OP OP-TEST-101 - Máq IMP01 - 2025-04-26", "action_flag": 2, "change_message": "[{\"changed\": {\"name\": \"Consumo Sustrato (Impresi\\u00f3n)\", \"object\": \"Consumo 30 Kg Lote 4 en Impresi\\u00f3n 6\", \"fields\": [\"Cantidad Consumida (Kg)\"]}}]"}}, {"model": "admin.logentry", "pk": 68, "fields": {"action_time": "2025-04-27T19:59:34.039Z", "user": 1, "content_type": 32, "object_id": "4", "object_repr": "OP 5 - Indunnova SAS - BOLSAXYZ", "action_flag": 2, "change_message": "[{\"added\": {\"name\": \"Secuencia de Proceso en OP\", \"object\": \"OP 5 - Indunnova SAS - BOLSAXYZ - 1. Impresion\"}}, {\"added\": {\"name\": \"Secuencia de Proceso en OP\", \"object\": \"OP 5 - Indunnova SAS - BOLSAXYZ - 2. Refilado\"}}]"}}, {"model": "admin.logentry", "pk": 69, "fields": {"action_time": "2025-04-27T20:06:56.787Z", "user": 1, "content_type": 32, "object_id": "4", "object_repr": "OP 5 - Indunnova SAS - BOLSAXYZ", "action_flag": 2, "change_message": "[]"}}, {"model": "admin.logentry", "pk": 70, "fields": {"action_time": "2025-04-27T20:07:16.900Z", "user": 1, "content_type": 32, "object_id": "3", "object_repr": "OP OP-TEST-101 - Indunnova SAS - BOLSAXYZ", "action_flag": 2, "change_message": "[{\"added\": {\"name\": \"Secuencia de Proceso en OP\", \"object\": \"OP OP-TEST-101 - Indunnova SAS - BOLSAXYZ - 1. Doblado\"}}]"}}, {"model": "admin.logentry", "pk": 71, "fields": {"action_time": "2025-04-27T22:26:49.693Z", "user": 1, "content_type": 32, "object_id": "3", "object_repr": "OP OP-TEST-101 - Indunnova SAS - BOLSAXYZ", "action_flag": 2, "change_message": "[{\"added\": {\"name\": \"Secuencia de Proceso en OP\", \"object\": \"OP OP-TEST-101 - Indunnova SAS - BOLSAXYZ - 2. Impresion\"}}]"}}, {"model": "admin.logentry", "pk": 72, "fields": {"action_time": "2025-04-27T22:27:30.690Z", "user": 1, "content_type": 45, "object_id": "6", "object_repr": "Impresión OP OP-TEST-101 - Máq IMP01 - 2025-04-26", "action_flag": 3, "change_message": ""}}, {"model": "admin.logentry", "pk": 73, "fields": {"action_time": "2025-04-27T22:27:49.270Z", "user": 1, "content_type": 32, "object_id": "3", "object_repr": "OP OP-TEST-101 - Indunnova SAS - BOLSAXYZ", "action_flag": 2, "change_message": "[]"}}, {"model": "admin.logentry", "pk": 74, "fields": {"action_time": "2025-04-27T23:17:31.788Z", "user": 1, "content_type": 32, "object_id": "4", "object_repr": "OP 5 - Indunnova SAS - BOLSAXYZ", "action_flag": 2, "change_message": "[]"}}, {"model": "admin.logentry", "pk": 75, "fields": {"action_time": "2025-04-27T23:17:44.053Z", "user": 1, "content_type": 32, "object_id": "2", "object_repr": "OP 2 - Indunnova SAS - 1", "action_flag": 2, "change_message": "[{\"added\": {\"name\": \"Secuencia de Proceso en OP\", \"object\": \"OP 2 - Indunnova SAS - 1 - 1. Refilado\"}}]"}}, {"model": "admin.logentry", "pk": 76, "fields": {"action_time": "2025-04-27T23:17:53.529Z", "user": 1, "content_type": 32, "object_id": "1", "object_repr": "OP 1 - Indunnova SAS - 1", "action_flag": 2, "change_message": "[{\"added\": {\"name\": \"Secuencia de Proceso en OP\", \"object\": \"OP 1 - Indunnova SAS - 1 - 2. Doblado\"}}]"}}, {"model": "admin.logentry", "pk": 77, "fields": {"action_time": "2025-04-30T00:53:11.397Z", "user": 1, "content_type": 32, "object_id": "4", "object_repr": "OP 5 - Indunnova SAS - BOLSAXYZ", "action_flag": 2, "change_message": "[{\"changed\": {\"name\": \"Secuencia de Proceso en OP\", \"object\": \"OP 5 - Indunnova SAS - BOLSAXYZ - 2. Impresion\", \"fields\": [\"Secuencia\"]}}, {\"changed\": {\"name\": \"Secuencia de Proceso en OP\", \"object\": \"OP 5 - Indunnova SAS - BOLSAXYZ - 1. Refilado\", \"fields\": [\"Secuencia\"]}}]"}}, {"model": "auth.user", "pk": 1, "fields": {"password": "pbkdf2_sha256$1000000$9I82xvKow7P6rLMdU4zQSv$o89/XsfNGexBi8llUXJLjh83zrIDiK5r4ixjjk4kciY=", "last_login": "2025-04-27T15:51:26.326Z", "is_superuser": true, "username": "miguelrodriguez", "first_name": "", "last_name": "", "email": "mrodriguez@indunnova.com", "is_staff": true, "is_active": true, "date_joined": "2025-04-25T13:16:39.339Z", "groups": [], "user_permissions": []}}, {"model": "sessions.session", "pk": "7fptq8pwoaijj24aacy8xz3pxlg6jkcy", "fields": {"session_data": ".eJxVjEsOwiAUAO_C2pDH75W6dN8zEOCBVA0kpV0Z725IutDtzGTezPljL-7oaXMrsSsT7PLLgo_PVIegh6_3xmOr-7YGPhJ-2s6XRul1O9u_QfG9jK0FOwkMmbI2GklFlQGQpjhTkEYgKg3RzDahjRAkCvLSCiBJBkRA9vkCxyE3BA:1u94Hu:5d-Hu_czbVgkU3xg00Eeyc8b7Km22kBxJODyLBrLSSo", "expire_date": "2025-05-11T15:51:26.327Z"}}, {"model": "sessions.session", "pk": "rt9por93bifljsi868o49fisupmnf9mg", "fields": {"session_data": ".eJxVjEsOwiAUAO_C2pDH75W6dN8zEOCBVA0kpV0Z725IutDtzGTezPljL-7oaXMrsSsT7PLLgo_PVIegh6_3xmOr-7YGPhJ-2s6XRul1O9u_QfG9jK0FOwkMmbI2GklFlQGQpjhTkEYgKg3RzDahjRAkCvLSCiBJBkRA9vkCxyE3BA:1u8Ivw:mw4m78m66Vt9D0ZJAyxXzbYkL7bpRTCnikdIEMNbqPE", "expire_date": "2025-05-09T13:17:36.556Z"}}, {"model": "configuracion.unidadmedida", "pk": 1, "fields": {"codigo": "m", "nombre": "Metro"}}, {"model": "configuracion.unidadmedida", "pk": 2, "fields": {"codigo": "Kg", "nombre": "Kilogramo"}}, {"model": "configuracion.estadoproducto", "pk": 1, "fields": {"nombre": "Activo", "descripcion": ""}}, {"model": "configuracion.categoriaproducto", "pk": 1, "fields": {"nombre": "A", "descripcion": ""}}, {"model": "configuracion.subcategoriaproducto", "pk": 1, "fields": {"categoria": 1, "nombre": "AA", "descripcion": ""}}, {"model": "configuracion.tipomateriaprima", "pk": 1, "fields": {"nombre": "BB", "descripcion": ""}}, {"model": "configuracion.tipomateriaprima", "pk": 2, "fields": {"nombre": "PET", "descripcion": ""}}, {"model": "configuracion.categoriamateriaprima", "pk": 1, "fields": {"nombre": "Tubulares", "descripcion": null}}, {"model": "configuracion.categoriamateriaprima", "pk": 2, "fields": {"nombre": "FILM", "descripcion": ""}}, {"model": "configuracion.tipomaterial", "pk": 1, "fields": {"nombre": "BB", "tipo_base": null, "descripcion": ""}}, {"model": "configuracion.tipomaterial", "pk": 2, "fields": {"nombre": "PET Transparente 12mic", "tipo_base": 2, "descripcion": ""}}, {"model": "configuracion.maquina", "pk": 1, "fields": {"codigo": "1", "nombre": "Impresora 1", "tipo": "IMPRESORA", "marca": "", "modelo": "", "ubicacion_planta": "", "is_active": true}}, {"model": "configuracion.maquina", "pk": 2, "fields": {"codigo": "IMP01", "nombre": "Impresora 1", "tipo": "IMPRESORA", "marca": "", "modelo": "", "ubicacion_planta": "", "is_active": true}}, {"model": "configuracion.maquina", "pk": 3, "fields": {"codigo": "Refiladora 01", "nombre": "Refiladora 01", "tipo": "REFILADORA", "marca": "", "modelo": "", "ubicacion_planta": "", "is_active": true}}, {"model": "configuracion.rodilloanilox", "pk": 1, "fields": {"codigo": "1", "lineatura": 350, "volumen": "2.00", "descripcion": "", "estado": "Bueno", "is_active": true}}, {"model": "configuracion.rodilloanilox", "pk": 2, "fields": {"codigo": "ANILOX01", "lineatura": null, "volumen": null, "descripcion": "", "estado": "", "is_active": true}}, {"model": "configuracion.causaparo", "pk": 1, "fields": {"codigo": "1", "descripcion": "Montaje", "tipo": "OPERATIVO", "aplica_a": "IMPRESORA", "requiere_observacion": false}}, {"model": "configuracion.proveedor", "pk": 1, "fields": {"nit": "aaaaa", "razon_social": "Plasticos AAA", "nombre_comercial": "", "direccion": "", "ciudad": "", "telefono": "", "email": "", "contacto_principal": "", "dias_credito": 0, "is_active": true, "creado_en": "2025-04-25T15:30:22.658Z", "actualizado_en": "2025-04-25T15:30:22.658Z"}}, {"model": "configuracion.proveedor", "pk": 2, "fields": {"nit": "1", "razon_social": "Proveedor 1", "nombre_comercial": "", "direccion": "", "ciudad": "", "telefono": "", "email": "", "contacto_principal": "", "dias_credito": 0, "is_active": true, "creado_en": "2025-04-26T22:16:16.137Z", "actualizado_en": "2025-04-26T22:16:16.137Z"}}, {"model": "configuracion.proceso", "pk": 1, "fields": {"nombre": "Impresion", "descripcion": "", "orden_flujo": 10}}, {"model": "configuracion.proceso", "pk": 2, "fields": {"nombre": "Refilado", "descripcion": "", "orden_flujo": 20}}, {"model": "configuracion.proceso", "pk": 3, "fields": {"nombre": "Sellado", "descripcion": "", "orden_flujo": 30}}, {"model": "configuracion.proceso", "pk": 4, "fields": {"nombre": "Doblado", "descripcion": "", "orden_flujo": 40}}, {"model": "configuracion.ubicacion", "pk": 1, "fields": {"codigo": "1", "nombre": "AA", "tipo": "BODEGA_MP", "descripcion": "", "is_active": true, "creado_en": "2025-04-25T15:29:54.159Z", "actualizado_en": "2025-04-25T15:29:54.159Z"}}, {"model": "configuracion.ubicacion", "pk": 2, "fields": {"codigo": "BODEGA_WIP", "nombre": "BODEGA_WIP", "tipo": "BODEGA_WIP", "descripcion": "", "is_active": true, "creado_en": "2025-04-25T18:50:00.690Z", "actualizado_en": "2025-04-26T22:15:11.684Z"}}, {"model": "configuracion.ubicacion", "pk": 3, "fields": {"codigo": "BODEGA_MP", "nombre": "BODEGA_MP", "tipo": "BODEGA_MP", "descripcion": "", "is_active": true, "creado_en": "2025-04-26T22:15:02.295Z", "actualizado_en": "2025-04-26T22:15:02.295Z"}}, {"model": "configuracion.tipotinta", "pk": 1, "fields": {"nombre": "Antigrasa"}}, {"model": "configuracion.tipotinta", "pk": 2, "fields": {"nombre": "Solvente"}}, {"model": "configuracion.cuentacontable", "pk": 1, "fields": {"codigo": "1", "nombre": "Costos", "naturaleza": "DEBITO"}}, {"model": "productos.productoterminado", "pk": 1, "fields": {"codigo": "1", "nombre": "Lamina ABC", "tipo_materia_prima": 1, "estado": 1, "unidad_medida": 1, "cuenta_contable": null, "comercializable": false, "categoria": 1, "subcategoria": 1, "servicio": null, "medida_en": "mm", "tipo_material": 1, "calibre_um": "100.00", "largo": "1000.00", "ancho": "200.00", "factor_decimal": "1.00", "ancho_rollo": "500.00", "metros_lineales": "1000.00", "lamina": null, "extrusion_doble": false, "cantidad_xml": null, "largo_material": "1000.00", "tratamiento": null, "tipo_tinta": null, "pistas": null, "programa_lamina": null, "color": "", "sellado_peso_millar": null, "sellado_tipo": null, "sellado_fuelle_lateral": null, "sellado_fuelle_superior": null, "sellado_fuelle_fondo": null, "sellado_solapa_cm": null, "sellado_troquel_tipo": null, "sellado_troquel_medida": null, "sellado_zipper_tipo": null, "sellado_zipper_medida": null, "sellado_valvula_tipo": null, "sellado_valvula_medida": null, "sellado_ultrasonido": false, "sellado_ultrasonido_pos": null, "sellado_precorte": false, "sellado_precorte_medida": null, "imp_tipo_impresion": null, "imp_rodillo": null, "imp_repeticiones": null, "is_active": true, "creado_en": "2025-04-25T15:07:31.858Z", "actualizado_en": "2025-04-25T15:07:31.858Z", "creado_por": null, "actualizado_por": null}}, {"model": "productos.productoterminado", "pk": 2, "fields": {"codigo": "BOLSAXYZ", "nombre": "Bolsa XYZ", "tipo_materia_prima": 2, "estado": 1, "unidad_medida": 2, "cuenta_contable": null, "comercializable": false, "categoria": 1, "subcategoria": 1, "servicio": null, "medida_en": "mm", "tipo_material": 2, "calibre_um": "12.00", "largo": "10000.00", "ancho": "1000.00", "factor_decimal": "1.00", "ancho_rollo": null, "metros_lineales": null, "lamina": null, "extrusion_doble": false, "cantidad_xml": null, "largo_material": null, "tratamiento": null, "tipo_tinta": null, "pistas": null, "programa_lamina": null, "color": "", "sellado_peso_millar": null, "sellado_tipo": null, "sellado_fuelle_lateral": null, "sellado_fuelle_superior": null, "sellado_fuelle_fondo": null, "sellado_solapa_cm": null, "sellado_troquel_tipo": null, "sellado_troquel_medida": null, "sellado_zipper_tipo": null, "sellado_zipper_medida": null, "sellado_valvula_tipo": null, "sellado_valvula_medida": null, "sellado_ultrasonido": false, "sellado_ultrasonido_pos": null, "sellado_precorte": false, "sellado_precorte_medida": null, "imp_tipo_impresion": null, "imp_rodillo": null, "imp_repeticiones": null, "is_active": true, "creado_en": "2025-04-26T22:25:09.255Z", "actualizado_en": "2025-04-26T22:25:09.255Z", "creado_por": null, "actualizado_por": null}}, {"model": "produccion.ordenproduccion", "pk": 1, "fields": {"op_numero": "1", "pedido_cliente": "456", "id_pedido_contable": "456", "cliente": 1, "producto": 1, "cantidad_solicitada_kg": "1000.00", "cantidad_producida_kg": "0.00", "fecha_creacion": "2025-04-25T15:12:30.760Z", "fecha_compromiso_entrega": "2025-04-30", "fecha_estimada_inicio": "2025-04-22", "fecha_real_inicio": null, "fecha_real_terminacion": null, "fecha_real_entrega": null, "sustrato": 1, "ancho_sustrato_mm": "1000.00", "calibre_sustrato_um": "50.00", "tratamiento_sustrato": "", "color_sustrato": "", "etapa_actual": "PLAN", "codigo_barras_op": null, "observaciones_generales": "", "observaciones_produccion": "", "is_active": true, "actualizado_en": "2025-04-27T23:17:53.529Z", "creado_por": 1, "actualizado_por": 1, "procesos": [1]}}, {"model": "produccion.ordenproduccion", "pk": 2, "fields": {"op_numero": "2", "pedido_cliente": "789", "id_pedido_contable": "", "cliente": 1, "producto": 1, "cantidad_solicitada_kg": "1000.00", "cantidad_producida_kg": "0.00", "fecha_creacion": "2025-04-25T19:45:13.556Z", "fecha_compromiso_entrega": "2025-04-30", "fecha_estimada_inicio": "2025-04-26", "fecha_real_inicio": null, "fecha_real_terminacion": null, "fecha_real_entrega": null, "sustrato": 1, "ancho_sustrato_mm": "100.00", "calibre_sustrato_um": "200.00", "tratamiento_sustrato": "1", "color_sustrato": "22", "etapa_actual": "PLAN", "codigo_barras_op": "", "observaciones_generales": "", "observaciones_produccion": "", "is_active": true, "actualizado_en": "2025-04-27T23:17:44.051Z", "creado_por": 1, "actualizado_por": 1, "procesos": [1]}}, {"model": "produccion.ordenproduccion", "pk": 3, "fields": {"op_numero": "OP-TEST-101", "pedido_cliente": null, "id_pedido_contable": null, "cliente": 1, "producto": 2, "cantidad_solicitada_kg": "80.00", "cantidad_producida_kg": "0.00", "fecha_creacion": "2025-04-26T22:26:44.015Z", "fecha_compromiso_entrega": "2025-04-26", "fecha_estimada_inicio": null, "fecha_real_inicio": null, "fecha_real_terminacion": null, "fecha_real_entrega": null, "sustrato": 2, "ancho_sustrato_mm": "800.00", "calibre_sustrato_um": "12.00", "tratamiento_sustrato": "", "color_sustrato": "", "etapa_actual": "PLAN", "codigo_barras_op": null, "observaciones_generales": "", "observaciones_produccion": "", "is_active": true, "actualizado_en": "2025-04-27T22:27:49.269Z", "creado_por": 1, "actualizado_por": 1, "procesos": [1, 2]}}, {"model": "produccion.ordenproduccion", "pk": 4, "fields": {"op_numero": "5", "pedido_cliente": null, "id_pedido_contable": null, "cliente": 1, "producto": 2, "cantidad_solicitada_kg": "1000.00", "cantidad_producida_kg": "0.00", "fecha_creacion": "2025-04-27T00:26:48.658Z", "fecha_compromiso_entrega": "2025-04-27", "fecha_estimada_inicio": "2025-04-27", "fecha_real_inicio": null, "fecha_real_terminacion": null, "fecha_real_entrega": null, "sustrato": 2, "ancho_sustrato_mm": "100.00", "calibre_sustrato_um": "12.00", "tratamiento_sustrato": "", "color_sustrato": "", "etapa_actual": "PLAN", "codigo_barras_op": null, "observaciones_generales": "", "observaciones_produccion": "", "is_active": true, "actualizado_en": "2025-04-30T00:53:11.395Z", "creado_por": 1, "actualizado_por": 1, "procesos": [1, 2, 3, 4]}}, {"model": "produccion.registroimpresion", "pk": 2, "fields": {"lote_wip_asociado": null, "orden_produccion": 1, "fecha": "2025-04-25", "maquina": 1, "operario_principal": 1, "hora_inicio": "2025-04-25T15:30:57Z", "hora_final": "2025-04-30T15:31:01Z", "anilox": 1, "repeticion_mm": "500.00", "pistas": 2, "tipo_tinta_principal": 1, "aprobado_por": 1, "usa_retal": false, "pistas_retal": null, "embobinado": "", "tipo_montaje": "", "is_active": true, "creado_en": "2025-04-25T15:31:22.628Z", "actualizado_en": "2025-04-25T16:38:28.700Z", "creado_por": 1, "actualizado_por": 1}}, {"model": "produccion.registroimpresion", "pk": 3, "fields": {"lote_wip_asociado": null, "orden_produccion": 1, "fecha": "2025-04-25", "maquina": 1, "operario_principal": 1, "hora_inicio": "2025-04-25T16:40:26Z", "hora_final": "2025-04-25T16:40:28Z", "anilox": 1, "repeticion_mm": "100.00", "pistas": 200, "tipo_tinta_principal": 1, "aprobado_por": 1, "usa_retal": false, "pistas_retal": null, "embobinado": "", "tipo_montaje": "", "is_active": true, "creado_en": "2025-04-25T16:40:52.778Z", "actualizado_en": "2025-04-25T16:40:52.778Z", "creado_por": 1, "actualizado_por": 1}}, {"model": "produccion.registroimpresion", "pk": 4, "fields": {"lote_wip_asociado": null, "orden_produccion": 1, "fecha": "2025-04-25", "maquina": 1, "operario_principal": 1, "hora_inicio": "2025-04-25T17:23:28Z", "hora_final": "2025-04-25T17:23:31Z", "anilox": 1, "repeticion_mm": "222.00", "pistas": 22, "tipo_tinta_principal": 1, "aprobado_por": 1, "usa_retal": false, "pistas_retal": null, "embobinado": "", "tipo_montaje": "", "is_active": true, "creado_en": "2025-04-25T17:23:49.910Z", "actualizado_en": "2025-04-25T17:23:49.910Z", "creado_por": 1, "actualizado_por": 1}}, {"model": "produccion.registroimpresion", "pk": 5, "fields": {"lote_wip_asociado": null, "orden_produccion": 1, "fecha": "2025-04-25", "maquina": 1, "operario_principal": 1, "hora_inicio": "2025-04-25T17:25:11Z", "hora_final": "2025-04-25T17:25:13Z", "anilox": 1, "repeticion_mm": "500.00", "pistas": 1, "tipo_tinta_principal": 1, "aprobado_por": 1, "usa_retal": false, "pistas_retal": null, "embobinado": "w", "tipo_montaje": "w", "is_active": true, "creado_en": "2025-04-25T17:25:38.033Z", "actualizado_en": "2025-04-25T17:25:38.033Z", "creado_por": 1, "actualizado_por": 1}}, {"model": "produccion.consumosustratoimpresion", "pk": 1, "fields": {"registro_impresion": 2, "lote_consumido": 1, "cantidad_kg_consumida": "100.000", "registrado_en": "2025-04-25T15:48:06.631Z", "registrado_por": 1}}, {"model": "produccion.consumosustratoimpresion", "pk": 2, "fields": {"registro_impresion": 3, "lote_consumido": 1, "cantidad_kg_consumida": "100.000", "registrado_en": "2025-04-25T16:40:52.782Z", "registrado_por": 1}}, {"model": "produccion.consumosustratoimpresion", "pk": 3, "fields": {"registro_impresion": 4, "lote_consumido": 3, "cantidad_kg_consumida": "500.000", "registrado_en": "2025-04-25T17:23:49.914Z", "registrado_por": 1}}, {"model": "produccion.consumosustratoimpresion", "pk": 4, "fields": {"registro_impresion": 5, "lote_consumido": 3, "cantidad_kg_consumida": "500.000", "registrado_en": "2025-04-25T17:25:38.037Z", "registrado_por": 1}}, {"model": "produccion.refilado", "pk": 1, "fields": {"orden_produccion": 3, "maquina": 3, "operario_principal": 2, "fecha": "2025-04-27", "hora_inicio": "2025-04-30T00:05:09Z", "hora_final": "2025-04-30T00:05:13Z", "cantidad_programada_kg": "20.00", "pistas": 1, "embobinado_salida": "", "peso_rollo_objetivo_kg": null, "embalaje": "", "is_active": true, "creado_en": "2025-04-27T00:24:30.019Z", "actualizado_en": "2025-04-27T00:24:30.019Z", "creado_por": 1, "actualizado_por": 1}}, {"model": "produccion.consumowiprefilado", "pk": 1, "fields": {"registro_refilado": 1, "lote_consumido": 5, "cantidad_kg_consumida": "20.000", "registrado_en": "2025-04-27T00:24:30.021Z", "registrado_por": 1}}, {"model": "produccion.ordenproduccionproceso", "pk": 1, "fields": {"orden_produccion": 4, "proceso": 1, "secuencia": 2}}, {"model": "produccion.ordenproduccionproceso", "pk": 2, "fields": {"orden_produccion": 4, "proceso": 2, "secuencia": 1}}, {"model": "produccion.ordenproduccionproceso", "pk": 3, "fields": {"orden_produccion": 3, "proceso": 4, "secuencia": 1}}, {"model": "produccion.ordenproduccionproceso", "pk": 4, "fields": {"orden_produccion": 3, "proceso": 1, "secuencia": 2}}, {"model": "produccion.ordenproduccionproceso", "pk": 5, "fields": {"orden_produccion": 2, "proceso": 2, "secuencia": 1}}, {"model": "produccion.ordenproduccionproceso", "pk": 6, "fields": {"orden_produccion": 1, "proceso": 4, "secuencia": 2}}, {"model": "inventario.materiaprima", "pk": 1, "fields": {"codigo": "1", "nombre": "Tubular 50 micras", "descripcion": "", "categoria": 1, "unidad_medida": 1, "proveedor_preferido": null, "stock_minimo": "0.000", "stock_maximo": "500.000", "tiempo_entrega_std_dias": 0, "requiere_lote": true, "is_active": true, "creado_en": "2025-04-25T15:12:19.118Z", "actualizado_en": "2025-04-25T15:25:22.916Z", "creado_por": null, "actualizado_por": null}}, {"model": "inventario.materiaprima", "pk": 2, "fields": {"codigo": "PET12", "nombre": "PET Transparente 12mic", "descripcion": "", "categoria": 2, "unidad_medida": 2, "proveedor_preferido": null, "stock_minimo": "0.000", "stock_maximo": "0.000", "tiempo_entrega_std_dias": 0, "requiere_lote": true, "is_active": true, "creado_en": "2025-04-26T22:22:14.541Z", "actualizado_en": "2025-04-26T22:22:14.541Z", "creado_por": 1, "actualizado_por": 1}}, {"model": "inventario.tinta", "pk": 1, "fields": {"codigo": "1", "nombre": "Cyan", "tipo_tinta": 1, "color_exacto": "", "fabricante": "", "referencia_fabricante": "", "unidad_medida": 2, "requiere_lote": true, "is_active": true, "creado_en": "2025-04-25T15:16:46.605Z", "actualizado_en": "2025-04-25T15:16:46.605Z", "creado_por": null, "actualizado_por": null}}, {"model": "inventario.tinta", "pk": 2, "fields": {"codigo": "T-CYAN", "nombre": "Tinta Cyan Solvente", "tipo_tinta": 2, "color_exacto": "", "fabricante": "", "referencia_fabricante": "", "unidad_medida": 2, "requiere_lote": true, "is_active": true, "creado_en": "2025-04-26T22:21:26.657Z", "actualizado_en": "2025-04-26T22:21:26.657Z", "creado_por": 1, "actualizado_por": 1}}, {"model": "inventario.lotemateriaprima", "pk": 1, "fields": {"lote_id": "1", "cantidad_actual": "0.0000", "ubicacion": 1, "estado": "CONSUMIDO", "observaciones": "", "creado_en": "2025-04-25T15:30:24.698Z", "actualizado_en": "2025-04-25T16:40:52.780Z", "creado_por": null, "actualizado_por": 1, "materia_prima": 1, "cantidad_recibida": "1000.0000", "fecha_recepcion": "2025-04-25T15:29:57Z", "fecha_vencimiento": "2025-07-31", "proveedor": 1, "documento_recepcion": "1", "costo_unitario": null, "orden_produccion": null}}, {"model": "inventario.lotemateriaprima", "pk": 3, "fields": {"lote_id": "111", "cantidad_actual": "8990.0000", "ubicacion": 1, "estado": "DISPONIBLE", "observaciones": "", "creado_en": "2025-04-25T17:22:58.624Z", "actualizado_en": "2025-04-25T18:41:20.199Z", "creado_por": 1, "actualizado_por": 1, "materia_prima": 1, "cantidad_recibida": "500.0000", "fecha_recepcion": "2025-04-25T17:22:43Z", "fecha_vencimiento": null, "proveedor": 1, "documento_recepcion": "232323", "costo_unitario": null, "orden_produccion": null}}, {"model": "inventario.lotemateriaprima", "pk": 4, "fields": {"lote_id": "ROLLO-PET-ABC", "cantidad_actual": "20.0000", "ubicacion": 3, "estado": "DISPONIBLE", "observaciones": "", "creado_en": "2025-04-26T22:23:21.104Z", "actualizado_en": "2025-04-27T19:51:02.837Z", "creado_por": 1, "actualizado_por": 1, "materia_prima": 2, "cantidad_recibida": "100.0000", "fecha_recepcion": "2025-04-26T22:22:33Z", "fecha_vencimiento": null, "proveedor": 2, "documento_recepcion": "", "costo_unitario": null, "orden_produccion": null}}, {"model": "inventario.loteproductoenproceso", "pk": 1, "fields": {"lote_id": "ID_NUEVO_LOTE", "cantidad_actual": "120.0000", "ubicacion": 2, "estado": "DISPONIBLE", "observaciones": "Opcional", "creado_en": "2025-04-25T19:09:36.752Z", "actualizado_en": "2025-04-25T19:09:36.752Z", "creado_por": 1, "actualizado_por": 1, "producto_terminado": 1, "orden_produccion": 1, "proceso_origen_content_type": 45, "proceso_origen_object_id": 2, "cantidad_producida_primaria": "120.0000", "unidad_medida_primaria": 2, "cantidad_producida_secundaria": "3500.0000", "unidad_medida_secundaria": 1, "fecha_produccion": "2025-04-25T19:09:36.752Z"}}, {"model": "inventario.loteproductoenproceso", "pk": 2, "fields": {"lote_id": "4000", "cantidad_actual": "120.0000", "ubicacion": 2, "estado": "DISPONIBLE", "observaciones": "Opcional", "creado_en": "2025-04-25T19:13:13.689Z", "actualizado_en": "2025-04-25T19:13:13.689Z", "creado_por": 1, "actualizado_por": 1, "producto_terminado": 1, "orden_produccion": 1, "proceso_origen_content_type": 45, "proceso_origen_object_id": 2, "cantidad_producida_primaria": "120.0000", "unidad_medida_primaria": 2, "cantidad_producida_secundaria": "3500.0000", "unidad_medida_secundaria": 1, "fecha_produccion": "2025-04-25T19:13:13.688Z"}}, {"model": "inventario.loteproductoenproceso", "pk": 3, "fields": {"lote_id": "3000", "cantidad_actual": "120.0000", "ubicacion": 2, "estado": "DISPONIBLE", "observaciones": "Opcional", "creado_en": "2025-04-25T19:14:56.443Z", "actualizado_en": "2025-04-25T19:14:56.443Z", "creado_por": 1, "actualizado_por": 1, "producto_terminado": 1, "orden_produccion": 1, "proceso_origen_content_type": 45, "proceso_origen_object_id": 2, "cantidad_producida_primaria": "120.0000", "unidad_medida_primaria": 2, "cantidad_producida_secundaria": "3500.0000", "unidad_medida_secundaria": 1, "fecha_produccion": "2025-04-25T19:14:56.442Z"}}, {"model": "inventario.loteproductoenproceso", "pk": 4, "fields": {"lote_id": "5000", "cantidad_actual": "100.0000", "ubicacion": 2, "estado": "DISPONIBLE", "observaciones": "ssss", "creado_en": "2025-04-25T19:46:25.980Z", "actualizado_en": "2025-04-25T19:46:25.980Z", "creado_por": 1, "actualizado_por": 1, "producto_terminado": 1, "orden_produccion": 1, "proceso_origen_content_type": 45, "proceso_origen_object_id": 2, "cantidad_producida_primaria": "100.0000", "unidad_medida_primaria": 2, "cantidad_producida_secundaria": "200.0000", "unidad_medida_secundaria": 1, "fecha_produccion": "2025-04-25T19:46:25.980Z"}}, {"model": "inventario.loteproductoenproceso", "pk": 5, "fields": {"lote_id": "WIP-TEST-101-01", "cantidad_actual": "30.0000", "ubicacion": 2, "estado": "DISPONIBLE", "observaciones": "", "creado_en": "2025-04-26T23:49:50.507Z", "actualizado_en": "2025-04-27T00:24:30.020Z", "creado_por": 1, "actualizado_por": 1, "producto_terminado": 2, "orden_produccion": 3, "proceso_origen_content_type": 45, "proceso_origen_object_id": 6, "cantidad_producida_primaria": "50.0000", "unidad_medida_primaria": 2, "cantidad_producida_secundaria": "1000.0000", "unidad_medida_secundaria": 1, "fecha_produccion": "2025-04-26T23:49:50.501Z"}}, {"model": "inventario.loteproductoterminado", "pk": 1, "fields": {"lote_id": "1", "cantidad_actual": "20.0000", "ubicacion": 1, "estado": "DISPONIBLE", "observaciones": "", "creado_en": "2025-04-27T00:24:30.022Z", "actualizado_en": "2025-04-27T00:24:30.022Z", "creado_por": 1, "actualizado_por": 1, "producto_terminado": 2, "orden_produccion": 3, "proceso_final_content_type": 50, "proceso_final_object_id": 1, "cantidad_producida": "20.0000", "fecha_produccion": "2025-04-27T00:24:30.018Z", "fecha_vencimiento": "2025-04-27"}}, {"model": "inventario.movimientoinventario", "pk": 1, "fields": {"timestamp": "2025-04-25T15:48:06.633Z", "tipo_movimiento": "CONSUMO_MP", "lote_content_type": 37, "lote_object_id": 1, "cantidad": "-300.0000", "unidad_medida": 1, "ubicacion_origen": null, "ubicacion_destino": 1, "documento_referencia": null, "proceso_referencia_content_type": 45, "proceso_referencia_object_id": 2, "usuario": 1, "observaciones": "Consumo automático desde Registro Consumo ID 1"}}, {"model": "inventario.movimientoinventario", "pk": 2, "fields": {"timestamp": "2025-04-25T16:38:28.704Z", "tipo_movimiento": "CONSUMO_MP", "lote_content_type": 37, "lote_object_id": 1, "cantidad": "-100.0000", "unidad_medida": 1, "ubicacion_origen": null, "ubicacion_destino": 1, "documento_referencia": null, "proceso_referencia_content_type": 45, "proceso_referencia_object_id": 2, "usuario": 1, "observaciones": "Consumo automático desde Registro Consumo ID 1"}}, {"model": "inventario.movimientoinventario", "pk": 3, "fields": {"timestamp": "2025-04-25T16:40:52.781Z", "tipo_movimiento": "CONSUMO_MP", "lote_content_type": 37, "lote_object_id": 1, "cantidad": "-100.0000", "unidad_medida": 1, "ubicacion_origen": null, "ubicacion_destino": 1, "documento_referencia": null, "proceso_referencia_content_type": 45, "proceso_referencia_object_id": 3, "usuario": 1, "observaciones": "Consumo automático desde Registro Consumo ID nuevo"}}, {"model": "inventario.movimientoinventario", "pk": 4, "fields": {"timestamp": "2025-04-25T17:23:49.913Z", "tipo_movimiento": "CONSUMO_MP", "lote_content_type": 37, "lote_object_id": 3, "cantidad": "-500.0000", "unidad_medida": 1, "ubicacion_origen": null, "ubicacion_destino": 1, "documento_referencia": null, "proceso_referencia_content_type": 45, "proceso_referencia_object_id": 4, "usuario": 1, "observaciones": "Consumo auto Reg.Consumo ID nuevo"}}, {"model": "inventario.movimientoinventario", "pk": 5, "fields": {"timestamp": "2025-04-25T17:25:38.036Z", "tipo_movimiento": "CONSUMO_MP", "lote_content_type": 37, "lote_object_id": 3, "cantidad": "-500.0000", "unidad_medida": 1, "ubicacion_origen": null, "ubicacion_destino": 1, "documento_referencia": null, "proceso_referencia_content_type": 45, "proceso_referencia_object_id": 5, "usuario": 1, "observaciones": "Consumo auto Reg.Consumo ID nuevo"}}, {"model": "inventario.movimientoinventario", "pk": 6, "fields": {"timestamp": "2025-04-25T18:41:20.201Z", "tipo_movimiento": "CONSUMO_MP", "lote_content_type": 37, "lote_object_id": 3, "cantidad": "-10.0000", "unidad_medida": 1, "ubicacion_origen": null, "ubicacion_destino": 1, "documento_referencia": null, "proceso_referencia_content_type": 45, "proceso_referencia_object_id": 2, "usuario": 1, "observaciones": "Movimiento: CONSUMO_MP"}}, {"model": "inventario.movimientoinventario", "pk": 7, "fields": {"timestamp": "2025-04-25T19:09:36.753Z", "tipo_movimiento": "PRODUCCION_WIP", "lote_content_type": 36, "lote_object_id": 1, "cantidad": "120.0000", "unidad_medida": 2, "ubicacion_origen": null, "ubicacion_destino": 2, "documento_referencia": null, "proceso_referencia_content_type": 45, "proceso_referencia_object_id": 2, "usuario": 1, "observaciones": "Producción Impresión (WIP) 2"}}, {"model": "inventario.movimientoinventario", "pk": 8, "fields": {"timestamp": "2025-04-25T19:13:13.690Z", "tipo_movimiento": "PRODUCCION_WIP", "lote_content_type": 36, "lote_object_id": 2, "cantidad": "120.0000", "unidad_medida": 2, "ubicacion_origen": null, "ubicacion_destino": 2, "documento_referencia": null, "proceso_referencia_content_type": 45, "proceso_referencia_object_id": 2, "usuario": 1, "observaciones": "Producción Impresión (WIP) 2"}}, {"model": "inventario.movimientoinventario", "pk": 9, "fields": {"timestamp": "2025-04-25T19:14:56.444Z", "tipo_movimiento": "PRODUCCION_WIP", "lote_content_type": 36, "lote_object_id": 3, "cantidad": "120.0000", "unidad_medida": 2, "ubicacion_origen": null, "ubicacion_destino": 2, "documento_referencia": null, "proceso_referencia_content_type": 45, "proceso_referencia_object_id": 2, "usuario": 1, "observaciones": "Producción Impresión (WIP) 2"}}, {"model": "inventario.movimientoinventario", "pk": 10, "fields": {"timestamp": "2025-04-25T19:46:25.981Z", "tipo_movimiento": "PRODUCCION_WIP", "lote_content_type": 36, "lote_object_id": 4, "cantidad": "100.0000", "unidad_medida": 2, "ubicacion_origen": null, "ubicacion_destino": 2, "documento_referencia": null, "proceso_referencia_content_type": 45, "proceso_referencia_object_id": 2, "usuario": 1, "observaciones": "Producción Impresión (WIP) 2"}}, {"model": "inventario.movimientoinventario", "pk": 11, "fields": {"timestamp": "2025-04-26T22:23:21.105Z", "tipo_movimiento": "RECEPCION_MP", "lote_content_type": 37, "lote_object_id": 4, "cantidad": "100.0000", "unidad_medida": 2, "ubicacion_origen": null, "ubicacion_destino": 3, "documento_referencia": "", "proceso_referencia_content_type": null, "proceso_referencia_object_id": null, "usuario": 1, "observaciones": "Movimiento automático creación Lote ROLLO-PET-ABC"}}, {"model": "inventario.movimientoinventario", "pk": 12, "fields": {"timestamp": "2025-04-26T23:49:50.505Z", "tipo_movimiento": "CONSUMO_MP", "lote_content_type": 37, "lote_object_id": 4, "cantidad": "-50.0000", "unidad_medida": 2, "ubicacion_origen": null, "ubicacion_destino": 3, "documento_referencia": null, "proceso_referencia_content_type": 45, "proceso_referencia_object_id": 6, "usuario": 1, "observaciones": "Consumo auto Reg.Consumo ID nuevo"}}, {"model": "inventario.movimientoinventario", "pk": 13, "fields": {"timestamp": "2025-04-26T23:49:50.508Z", "tipo_movimiento": "PRODUCCION_WIP", "lote_content_type": 36, "lote_object_id": 5, "cantidad": "50.0000", "unidad_medida": 2, "ubicacion_origen": null, "ubicacion_destino": 2, "documento_referencia": null, "proceso_referencia_content_type": null, "proceso_referencia_object_id": null, "usuario": 1, "observaciones": "Movimiento automático creación Lote WIP-TEST-101-01"}}, {"model": "inventario.movimientoinventario", "pk": 14, "fields": {"timestamp": "2025-04-27T00:24:30.021Z", "tipo_movimiento": "CONSUMO_WIP", "lote_content_type": 36, "lote_object_id": 5, "cantidad": "-20.0000", "unidad_medida": 2, "ubicacion_origen": null, "ubicacion_destino": 2, "documento_referencia": null, "proceso_referencia_content_type": 50, "proceso_referencia_object_id": 1, "usuario": 1, "observaciones": "Consumo WIP auto Reg.Consumo Refilado ID nuevo"}}, {"model": "inventario.movimientoinventario", "pk": 15, "fields": {"timestamp": "2025-04-27T00:24:30.022Z", "tipo_movimiento": "PRODUCCION_PT", "lote_content_type": 38, "lote_object_id": 1, "cantidad": "20.0000", "unidad_medida": 2, "ubicacion_origen": null, "ubicacion_destino": 1, "documento_referencia": null, "proceso_referencia_content_type": null, "proceso_referencia_object_id": null, "usuario": 1, "observaciones": "Movimiento automático creación Lote 1"}}, {"model": "inventario.movimientoinventario", "pk": 16, "fields": {"timestamp": "2025-04-27T19:51:02.837Z", "tipo_movimiento": "CONSUMO_MP", "lote_content_type": 37, "lote_object_id": 4, "cantidad": "-30.0000", "unidad_medida": 2, "ubicacion_origen": null, "ubicacion_destino": 3, "documento_referencia": null, "proceso_referencia_content_type": 45, "proceso_referencia_object_id": 6, "usuario": 1, "observaciones": "Consumo auto Reg.Consumo ID 5"}}, {"model": "personal.colaborador", "pk": 1, "fields": {"nombres": "Miguel", "apellidos": "Rodriguez", "cedula": "2000011869", "codigo_empleado": null, "cargo": "", "area": "", "fecha_ingreso": null, "fecha_retiro": null, "usuario_sistema": null, "is_active": true, "creado_en": "2025-04-25T15:15:05.723Z", "actualizado_en": "2025-04-25T15:15:05.723Z", "creado_por": null, "actualizado_por": null}}, {"model": "personal.colaborador", "pk": 2, "fields": {"nombres": "Operario Uno", "apellidos": "Operario Uno", "cedula": "Operario Uno", "codigo_empleado": "1", "cargo": "", "area": "", "fecha_ingreso": null, "fecha_retiro": null, "usuario_sistema": null, "is_active": true, "creado_en": "2025-04-26T22:18:40.210Z", "actualizado_en": "2025-04-26T22:18:40.210Z", "creado_por": null, "actualizado_por": null}}, {"model": "clientes.cliente", "pk": 1, "fields": {"nit": "900948892", "codigo_cliente": "1", "razon_social": "Indunnova SAS", "nombre_comercial": "", "direccion_principal": "", "ciudad": "", "departamento": "", "pais": "Colombia", "telefono_principal": "", "email_principal": "", "nombre_contacto_principal": "", "email_contacto_principal": "", "condiciones_pago": "", "cupo_credito": "0.00", "origen_datos": "MANUAL", "id_externo": null, "ultima_sincronizacion": null, "is_active": true, "creado_en": "2025-04-25T15:07:49.757Z", "actualizado_en": "2025-04-25T15:07:49.757Z", "creado_por": null, "actualizado_por": null}}]